{
  "TF-IDF": {
    "precision@5": {
      "mean": 0.30500000000000005,
      "std": 0.27924004010886405,
      "min": 0.0,
      "max": 0.8
    },
    "recall@5": {
      "mean": 0.31500000000000006,
      "std": 0.296268459340511,
      "min": 0.0,
      "max": 1.0
    },
    "f1@5": {
      "mean": 0.30875,
      "std": 0.2841407001821457,
      "min": 0.0,
      "max": 0.8000000000000002
    },
    "ndcg@5": {
      "mean": 0.3489857035045324,
      "std": 0.3073726768882219,
      "min": 0.0,
      "max": 1.0
    },
    "map@5": {
      "mean": 0.2574166666666667,
      "std": 0.26089960553183417,
      "min": 0.0,
      "max": 1.0
    },
    "precision@10": {
      "mean": 0.21000000000000002,
      "std": 0.16552945357246848,
      "min": 0.0,
      "max": 0.5
    },
    "recall@10": {
      "mean": 0.43,
      "std": 0.34219877264537346,
      "min": 0.0,
      "max": 1.0
    },
    "f1@10": {
      "mean": 0.2815384615384615,
      "std": 0.22174906893299365,
      "min": 0.0,
      "max": 0.6666666666666666
    },
    "ndcg@10": {
      "mean": 0.41314071030722693,
      "std": 0.3263171457867502,
      "min": 0.0,
      "max": 1.0
    },
    "map@10": {
      "mean": 0.3067162698412699,
      "std": 0.29213532301612416,
      "min": 0.0,
      "max": 1.0
    },
    "precision@20": {
      "mean": 0.1375,
      "std": 0.08569568250501305,
      "min": 0.0,
      "max": 0.25
    },
    "recall@20": {
      "mean": 0.5599999999999999,
      "std": 0.34985711369071804,
      "min": 0.0,
      "max": 1.0
    },
    "f1@20": {
      "mean": 0.22052173913043482,
      "std": 0.13722786095507805,
      "min": 0.0,
      "max": 0.4
    },
    "ndcg@20": {
      "mean": 0.4690816447360005,
      "std": 0.3237890086969829,
      "min": 0.0,
      "max": 1.0
    },
    "map@20": {
      "mean": 0.33546591214083477,
      "std": 0.29699939429808836,
      "min": 0.0,
      "max": 1.0
    },
    "mrr": {
      "mean": 0.5825985819735819,
      "std": 0.4373619526202396,
      "min": 0.0,
      "max": 1.0
    },
    "coverage": {
      "mean": 0.11648027009917704,
      "std": 0.0,
      "min": 0.11648027009917704,
      "max": 0.11648027009917704
    }
  },
  "Word2Vec": {
    "precision@5": {
      "mean": 0.05,
      "std": 0.1072380529476361,
      "min": 0.0,
      "max": 0.4
    },
    "recall@5": {
      "mean": 0.05,
      "std": 0.1072380529476361,
      "min": 0.0,
      "max": 0.4
    },
    "f1@5": {
      "mean": 0.05000000000000001,
      "std": 0.10723805294763611,
      "min": 0.0,
      "max": 0.4000000000000001
    },
    "ndcg@5": {
      "mean": 0.05445571457751362,
      "std": 0.11962050137515753,
      "min": 0.0,
      "max": 0.38356636737133565
    },
    "map@5": {
      "mean": 0.029666666666666664,
      "std": 0.07044225373389973,
      "min": 0.0,
      "max": 0.2333333333333333
    },
    "precision@10": {
      "mean": 0.030000000000000006,
      "std": 0.05567764362830022,
      "min": 0.0,
      "max": 0.2
    },
    "recall@10": {
      "mean": 0.06000000000000001,
      "std": 0.11135528725660045,
      "min": 0.0,
      "max": 0.4
    },
    "f1@10": {
      "mean": 0.04,
      "std": 0.07423685817106696,
      "min": 0.0,
      "max": 0.26666666666666666
    },
    "ndcg@10": {
      "mean": 0.06030233218894778,
      "std": 0.11967676881788664,
      "min": 0.0,
      "max": 0.38356636737133565
    },
    "map@10": {
      "mean": 0.031214285714285715,
      "std": 0.07011473832663319,
      "min": 0.0,
      "max": 0.2333333333333333
    },
    "precision@20": {
      "mean": 0.025,
      "std": 0.03708099243547832,
      "min": 0.0,
      "max": 0.15
    },
    "recall@20": {
      "mean": 0.1,
      "std": 0.14832396974191328,
      "min": 0.0,
      "max": 0.6
    },
    "f1@20": {
      "mean": 0.04,
      "std": 0.05932958789676531,
      "min": 0.0,
      "max": 0.24
    },
    "ndcg@20": {
      "mean": 0.07659743387188085,
      "std": 0.12383828966378031,
      "min": 0.0,
      "max": 0.38356636737133565
    },
    "map@20": {
      "mean": 0.0347265406162465,
      "std": 0.07041414723496849,
      "min": 0.0,
      "max": 0.2333333333333333
    },
    "mrr": {
      "mean": 0.13025035014005598,
      "std": 0.27421692802577385,
      "min": 0.0,
      "max": 1.0
    },
    "coverage": {
      "mean": 0.09516775691074066,
      "std": 0.0,
      "min": 0.09516775691074066,
      "max": 0.09516775691074066
    }
  },
  "Content-Based": {
    "precision@5": {
      "mean": 0.17,
      "std": 0.2389560629069704,
      "min": 0.0,
      "max": 0.8
    },
    "recall@5": {
      "mean": 0.18,
      "std": 0.2638181191654584,
      "min": 0.0,
      "max": 1.0
    },
    "f1@5": {
      "mean": 0.17375000000000002,
      "std": 0.24672542937443645,
      "min": 0.0,
      "max": 0.8000000000000002
    },
    "ndcg@5": {
      "mean": 0.2044207049599648,
      "std": 0.2827292734322287,
      "min": 0.0,
      "max": 1.0
    },
    "map@5": {
      "mean": 0.14933333333333332,
      "std": 0.23774192356886117,
      "min": 0.0,
      "max": 1.0
    },
    "precision@10": {
      "mean": 0.1125,
      "std": 0.14694812009685596,
      "min": 0.0,
      "max": 0.5
    },
    "recall@10": {
      "mean": 0.23500000000000001,
      "std": 0.3126899422750914,
      "min": 0.0,
      "max": 1.0
    },
    "f1@10": {
      "mean": 0.15153846153846154,
      "std": 0.19811720609383565,
      "min": 0.0,
      "max": 0.6666666666666666
    },
    "ndcg@10": {
      "mean": 0.23416541452071055,
      "std": 0.2991869787014831,
      "min": 0.0,
      "max": 1.0
    },
    "map@10": {
      "mean": 0.16993253968253968,
      "std": 0.26182212955110523,
      "min": 0.0,
      "max": 1.0
    },
    "precision@20": {
      "mean": 0.07250000000000001,
      "std": 0.07660776723022282,
      "min": 0.0,
      "max": 0.25
    },
    "recall@20": {
      "mean": 0.3,
      "std": 0.32249030993194194,
      "min": 0.0,
      "max": 1.0
    },
    "f1@20": {
      "mean": 0.1165217391304348,
      "std": 0.12314222493294766,
      "min": 0.0,
      "max": 0.4
    },
    "ndcg@20": {
      "mean": 0.2617235855508596,
      "std": 0.297479537747032,
      "min": 0.0,
      "max": 1.0
    },
    "map@20": {
      "mean": 0.17915361822559964,
      "std": 0.2618232975702133,
      "min": 0.0,
      "max": 1.0
    },
    "mrr": {
      "mean": 0.3614457866479925,
      "std": 0.4342687574347555,
      "min": 0.0,
      "max": 1.0
    },
    "coverage": {
      "mean": 0.11795737497362313,
      "std": 0.0,
      "min": 0.11795737497362313,
      "max": 0.11795737497362313
    }
  }
}